City,mean,count
Chattogram,2.36,25
Dhaka,2.1818181818181817,22
Khulna,3.0526315789473686,19
Rajshahi,2.8333333333333335,12
Sylhet,3.0,22
